<?xml version="1.0" encoding="UTF-8"?>
<!DOCTYPE mapper PUBLIC "-//mybatis.org//DTD Mapper 3.0//EN"
 "https://mybatis.org/dtd/mybatis-3-mapper.dtd">
 
 <mapper namespace = "icia.spring.help.mapper.AuthMapperInterface">
 
 <select id="isGroupName" parameterType = "icia.spring.help.bean.GroupBean" resultType = "int">
 	SELECT COUNT(*) FROM T5DBA.DUPGROUPNAME WHERE GROUPNAME = #{groupName}
 </select>
 
 <insert id="insTemp" parameterType = "icia.spring.help.bean.GroupBean">
 	INSERT INTO T5DBA.TEMP(TEMP_GROUPNAME) VALUES(#{groupName})
 </insert>
 
 <delete id="delTemp" parameterType = "icia.spring.help.bean.GroupBean">
 	DELETE FROM T5DBA.TEMP WHERE TEMP_GROUPNAME = #{groupName}
 </delete>
 <insert id = "isStoreGroup" parameterType = "icia.spring.help.bean.GroupBean">
 	INSERT INTO T5DBA.SG(SG_CODE, SG_NAME, SG_CEO, SG_PIN) VALUES ('S'||T5DBA.STORECODE.NEXTVAL, #{groupName}, #{groupCeo}, #{groupPin})
 </insert>
 </mapper>